-1.25883512531195,-1.95980310775167,-1.38368402643679,-0.55187322450668,-1.39856712867705,-2.72854299207185,-1.25961668040597,-1.96736975933253,-1.79953899086566,-0.534978121943466,-1.54798169734116,-1.82628703936409,-1.36246787198888,-0.842413321197243,-0.946456274496569,-0.680622472422743,-0.945218676289668,-0.696227344510959,-2.18396506745867,-0.753692979784169,-2.37141334641016,-2.89397617647112,-0.713923413893146,-1.47975121613916,-0.927759387551575,-2.42602663454016,-2.53215129596276,-2.40166369357232,-2.40137628801875,-1.78953333662684,-1.75933082594098,-3.28637907980119,-3.3139752023158,-2.56131814859324,-1.77768440584533,-2.80906413946901,-0.478245402388755,-1.77480315555237,-2.27897764632188,-2.1379591239364,-2.50288198417482,-3.08133636754461,-1.8755615197027,-0.457758137989091,-2.50849867592716,-1.11740766869564,-1.36082920540147,-0.816198275255811,-1.351084327522,-0.141193942663777,-2.03899942554587,-1.20583584944215,-0.962229291018509,-2.29929451745436,-2.09241211379623,-1.84148158523249,-1.79911768268259,-1.65112954634789,-2.29630008977027,-2.00365049827101
2.55689168906405,1.84511369124129,3.33781340407059,3.82928013377288,2.52948747792022,3.82826483335893,2.29567758570947,1.95873139853456,3.0774941021199,3.06428856323082,3.13876484637345,3.01278832935503,2.95450068592119,1.64479214043023,2.93694791179588,2.6221042169421,2.55158479736724,2.16463295095228,2.51596567121471,2.46576179457172,-0.75813131146978,0.170043882621886,-0.37592458582016,-0.578300728841583,0.488519876869781,-0.572317354349914,-0.932590572988715,-0.246791503596578,-0.578872508168601,-1.03040091679557,-1.15465757663727,-1.10458734631746,0.114715420168438,-0.895622479083364,-1.2511828092668,-1.23230359082721,-0.420292367352806,-0.849169212567763,-1.90658056005757,-2.1548155396078,1.13435076936397,1.2493036442722,-0.00913839594520804,0.838422634820061,0.705109945186535,0.0163182777696312,1.80931719327841,0.351268593084125,0.575982158936068,0.84570930620018,0.656159646083401,1.66192356170347,1.63401670236916,0.341064307853899,2.03042670482948,1.7741186733331,-1.35488402235841,1.70202990396514,0.972362952709031,0.905740423738885
-1.99998364973602,-1.34512091628494,-0.920269758765605,-1.98414020936296,-0.0786622583747911,-0.891653897129766,-1.97313803477931,-0.861484384857408,-0.244781556139547,-1.60615943890824,-0.30242809792456,-1.20077043163382,-1.09451218120613,-0.796409602696212,-1.78861047641084,-1.46365983675371,-1.37229938678844,-1.39594644075966,-0.895606118390562,-1.38255591507291,3.18052278103156,3.46857622678972,3.69154919586006,3.73455402712184,3.94581595169761,2.7184815581239,3.77610761994898,3.11787487504663,4.44132495803957,3.72570587762796,3.27430529838182,3.13096940017988,3.86664710883643,3.42484691883711,3.50207897046074,3.22006925008415,4.25251898040099,4.56362453967302,3.99525734385116,3.08292061476909,2.04209760026539,1.34559023496956,1.73346850868764,1.79257375326581,2.29068453003289,1.24772185573952,0.900517209402641,0.348902077669224,1.51404319798155,1.87637784426303,1.54777654045971,1.14814552338049,0.591173825182658,1.09150571260634,0.365591379395783,1.36401402684778,1.34464277930807,1.33401190544162,2.09537169932879,0.322927071074965
4.46108395420156,5.08237423424866,3.55832585291535,5.59731385868955,4.34613668036575,3.90560544656623,4.04548026820725,2.36736355338687,4.30214830265838,4.67478705241414,3.52088764404963,4.70736841990345,4.16399424988291,3.02250131844386,4.77992021564553,3.08827949240918,4.94234563014135,5.36311685004151,4.68343287088087,3.83960459333411,1.46656191410787,3.12764985297645,1.64214909174101,1.9841855769392,2.12724343855114,1.56315586291253,1.38084004785879,2.29151017894581,1.36536538224775,1.92091151094365,1.0083011319241,2.67670821660959,2.14452610407201,3.61222822578382,1.83179675927704,2.67299223939363,2.67830372067026,2.32269786631218,2.9693018625623,1.48105877357721,3.3595424078935,4.12752209603238,2.58865668978873,4.17797250735798,2.41968477202458,3.65576329061751,3.04371147183156,3.08063024282791,2.8473794692382,3.04630972028427,3.95992442838583,2.88370149025575,2.07327891656744,3.31663579475008,3.50905412657523,4.32936999338687,3.83653892683327,3.07572907633127,3.34216791044096,2.78047260441142
-1.54751311629906,-1.75496966345026,-0.49696854229682,-1.21357494815244,-0.956084102627702,-2.23430950652239,-2.04958279684937,-0.719450613485462,-1.60491002610287,-1.66924014307835,-2.19593446420245,-1.95966386711855,-1.91715944925738,-2.03124218753117,-1.24506557614,-2.50085182818469,-1.00701206251886,-0.826138494017401,-0.400220509894951,-1.83204207044813,3.01959251577011,2.13120000756392,2.37447512773416,2.12029114501967,1.73634531866929,2.44084653026741,1.77096306566455,1.31950820075306,1.40509626053326,2.90510251035168,2.08579032817423,1.81182686981244,2.62606574990775,1.76641286022404,3.35044874724543,3.66939968435231,2.22156301502991,3.12964269921607,2.83264972968819,3.35222941870138,-0.023845247103368,-0.630089727705667,-0.642699953945914,0.455280371438073,-0.453886131478799,0.0130526287697502,-0.219443754210173,-0.729760206528193,1.06865892437579,-0.199428839725427,-0.512044102415862,1.17173912807767,0.643482156765723,1.6283927682342,0.978214501264619,0.725697825161763,1.67945955451557,-1.44963069601124,0.551996493542043,0.76930726766586
0.720864081911229,-0.582463603707049,1.46914992392717,0.522255386027083,0.395211593454475,1.51100032629325,1.59754953111024,2.51712348302982,0.931598603296336,1.55465358242364,0.47556706276368,0.927134755926057,0.55349804156432,-0.146029862257583,1.44092930524317,0.314218786393052,1.72669959886903,1.29670418314981,0.728145329180619,0.742101543191894,0.221940087445423,-1.4224916011692,-0.464069790859595,-1.80706829510302,-1.55504760863344,0.263232863406301,-1.29027669996723,-1.1481253871171,-1.36038926320259,-2.11650491397501,-1.5156693023731,-1.03743732790664,0.132244170264082,-1.03846323836056,-1.20036424788003,-2.04224526889233,-0.683314365050031,-0.274936809201247,-1.07358554402471,-0.168349143339729,0.141020213153163,0.126695229167929,0.506656455410234,-0.871120806248354,-0.601238332809928,-0.010723576253225,-0.213521385532719,0.374559904098758,0.824477864339877,0.0149823369244235,1.07794428579871,-0.242008776847619,-1.14218674821963,-0.371145395302906,0.934773311192201,-0.617194828755653,0.371421898290044,0.217340022424665,0.31952502266303,1.1683917785456
-2.06978608247789,-0.927949749740929,-1.85742540278501,-2.81095304900727,-1.57576398834259,-2.55172837234185,-2.02478355982891,-1.85300285904738,-2.52827240384426,-1.38567939699986,-1.01937221659649,-1.56449079761529,-2.21291075709888,-0.423839057951385,-1.18168478080619,-1.90045792317641,-0.0278738208880804,-1.33276141611838,-1.73499315588769,-2.19219196603292,-0.616947335260283,-3.11374254004234,-0.894286437736213,-0.419818709313089,-0.676002696983162,-0.33500259748652,-2.47277895808831,-0.398444241250159,-2.43446728811604,0.107233725066989,-1.92341713100439,-0.353939800657086,-0.245959891564512,0.742792225249576,-1.0775284798361,-0.0486807662655048,-1.79562879729322,0.364538437082031,-0.0477097208723769,-0.992214915455793,-2.34172941852569,-1.98183045309182,-0.974275758423265,-1.68339693419508,-0.467873394545578,-0.318169008070618,-1.07159753264782,-1.30065813128653,-1.85869086777803,-1.65369754639439,-0.789482772660355,-1.81107934398652,-1.36009513132763,-0.301531612962539,-1.05019463739028,-0.95616303636584,-0.0187927574493696,-0.727587072582817,-1.55346916919105,-1.31894080164029
1.99602479669309,1.43062520144106,3.64509804607106,2.6146758802314,3.31739905706677,2.89830564330203,2.84675845920509,3.20285888798144,4.39679220187665,3.23551118635561,3.24663136243207,2.56544397559128,2.52801184156801,1.98213029723482,2.74220458638635,2.95326959812007,3.02699438859657,2.40201149137776,3.06435753065099,1.85780691768455,-1.39556174608625,-0.761484329848229,0.170028568341297,-1.18823884646955,-0.87424213972646,-1.33425999618053,-1.08378574483946,0.47076807470817,-2.02879220889067,-0.472972517957284,-0.897839672510628,0.131406130847084,-1.04355181158809,-0.385478650057,-0.183487307695068,-0.640074716904653,-1.15861118884496,-1.58095166262839,-0.499463505630654,-0.325300631174624,0.259657363240108,0.511748119298805,1.68396231338455,-0.0873782646667904,0.328632055334638,1.23398098345735,2.00461398004403,1.40317701558472,2.0727900468053,0.0633285302779132,0.303874103126654,-0.282227781470829,1.33022834990233,2.19898766279303,0.77145816550529,1.4267274866362,1.14507983419728,0.0998683259583724,1.24513273417121,0.49601381963305
-1.55364640925683,-1.35159157761909,-0.905945974538773,-1.09487861478349,-0.678858088921063,0.3569796729513,-2.57915632949971,-1.54262149911626,-1.15929382122649,-0.949948625896859,-0.340806036169828,-1.12748399059883,-1.36822440287429,-2.05186593308141,-2.10373531668608,-1.87281764405501,-0.215708929836716,-1.34231102452212,-0.975861705716501,-1.37830374627613,-0.219657245070926,0.434310583974109,-0.228938851922456,-0.196117156205647,-0.313530431030686,0.506278669977656,-0.591116833183004,-1.05457581521371,-1.97872394049619,0.218132997190669,-0.455216236694113,-1.15777698717826,-0.713533355999398,-1.59194502601193,-0.749636185244671,-1.19512088761593,0.089626707275708,-0.86804225140212,0.0224524604846231,0.45755785474332,-1.91062198639662,-2.32130358269351,0.327362017164854,-0.706603926163162,-0.0639059872008797,-0.880325484108705,0.0643896829578721,-2.31033086258992,-1.07891725365542,-1.88458262461252,-1.69901442072799,-0.61701567046639,-1.49640363108783,-2.16620916959489,-2.27132652134942,-0.62784298169298,-1.20876181971293,-1.14398918936383,-1.83199890719784,0.268739929675663
-1.48707689842027,-0.290564333455,-1.23737715684782,-1.09003465105905,-0.680031557570434,-1.92620106357813,-3.16317012495474,-2.03752506248857,-1.51593633810585,-0.357107230193555,-1.80330168506876,-1.0797480483015,-0.896652826781538,-0.435466394469011,-1.0643739896329,-0.15400117179097,-0.230004863815416,-1.53746251368296,-0.44010049244112,-1.27031909957273,-0.344948776173171,0.00619703021349075,1.59357415329097,-0.132843182699138,0.248719613755008,-0.23585732155272,0.154604219020689,-0.417090792278705,0.215423091025921,-0.537408395315085,0.396929545821121,-0.859805387549828,0.751253754926497,-0.448736688617679,0.388259188194989,-0.338078025843727,1.11865846019348,-0.493056332150144,0.0565459345514444,0.636182419284074,-0.721873080951363,-1.86763125534994,-0.668910393676792,-1.19776529655556,-0.30057411121186,0.0458994508894467,-0.335510236130256,-0.724468270199535,0.0710092621492632,-1.29533619272673,-1.57817171685099,-0.706301041858038,-0.763264066750121,-1.01684254512829,-0.971902153504623,-1.51592453831482,-0.607455258043157,0.94343375067232,0.913490006194191,-0.380304851069204
5.00002174084938,3.53440168924466,4.34253600369952,4.08834317682997,3.39198760835743,2.93261481991526,4.28276734142962,4.33556203711551,4.87936654971631,3.52219090068956,3.40133706129453,4.50731015637446,4.07965315883898,4.33847063108945,3.94257534930114,3.63942082510486,4.47009994306547,4.02158508968033,4.33294500405034,4.87626743266847,-1.05269013776429,-0.790967271423361,-0.874992523108975,-0.644708526253736,0.996169992646493,-0.733215543920784,-0.950016345793452,-1.4872443624692,-0.417779871620247,-0.48147602767906,0.474779720088605,-1.01291364388127,0.217969353253427,-0.542894318053484,-0.39535945331506,0.367328088612195,-0.770393722382761,0.472606556983374,-0.740776014873478,-0.189839876951772,1.18500269021373,1.62125599440839,2.07647565948037,1.76804025520464,2.04236430356789,2.90662431325225,2.26404506300186,1.32296674918045,1.95504654683325,2.26879281610271,1.701715444594,1.04697590513481,1.44685026357461,2.69384108395167,2.5866200464244,0.657363764473802,1.21745809727216,2.36275368281566,1.5772544869237,2.22152470405288
-3.3080377680474,-1.20504933787822,-3.00827822811173,-0.864695556801741,-0.55354470164497,-2.21121351841452,-0.276506576656002,-0.69006468700283,-2.00884582412683,-2.2657858790733,-1.59883640442918,-0.44940058791662,-1.4235895228308,-1.09327616093558,-2.3396190647476,-1.67919872859895,-1.56665763783731,-0.38065364656472,-1.91394221150811,-1.86681316175588,-1.54258674378577,-1.68255921891456,-1.45165970387976,-2.26116829733294,-1.27967092320573,-2.16377970897639,-1.22934855508134,-1.49711266778753,0.572310580882217,-2.5757731218615,-0.755105877791978,-1.51441325032719,-0.959674175545458,-2.50838131238143,-1.45988386305238,-1.65292289092723,-2.08392483907321,-2.56545202226715,-1.30449947456882,-2.52014574919245,-2.48803721714883,-2.27795183526546,-1.73858207359357,-0.899089867963095,-1.18020414353434,-2.45122751217913,-1.55213000243763,-2.40310511157542,-2.30774172295755,-2.03993371370219,-1.964924940712,-2.53375319684097,-0.8842785608276,-0.718409101385804,0.256652466108565,-1.98337358320002,-2.28109248465209,-2.42050661036252,-1.52669950406208,-1.39641965654032
-1.94193270325094,-0.842561228886095,-0.703134634814164,-2.67883169775561,-0.527396959477631,-2.04525927148507,-0.513958161890801,-1.65428799994447,-0.572706045575995,-1.02055276926641,-1.0593727223322,0.244117853817202,-1.80105143158443,-0.337883141905691,-0.697329207572421,-0.944393439967849,-1.27585173026541,-1.61266888534375,-1.16784461128764,-1.3105603850169,-1.15223143498801,-1.86976055405907,-0.75547015609679,-2.46142278318593,-1.58647475125278,-1.62303423025519,-2.43306750175586,-0.678322277852883,-2.53693588647321,-0.20515590743537,-1.1446168758673,-1.08376045157734,-1.17593152591846,-0.785370628349189,-1.17128704232832,-0.891529347750657,-0.897752582481257,-1.41044062716428,-1.41106508826967,-1.49770677088182,-0.113550055799614,-2.6901173545026,-2.51938735393115,-1.08771918434237,-1.22028941114454,-1.64921408816987,-0.830013708547325,-1.60884526001264,-1.40387388865184,-0.819084891119701,-1.64441595040656,-1.42835383822741,-0.7147399224424,-0.0941872027368846,-1.31899561906629,-1.57021089159666,-0.731412381836802,-1.17798923408145,-2.23441200088335,-1.49116343112709
1.05483267207681,0.906395455904735,0.117837653844985,1.60567901175327,1.98664546247773,0.00914921538074326,1.04737792843628,2.16418385799212,1.84185891853377,0.708504482330676,0.841157805243514,0.792313836545847,1.2663199347061,0.650446036275465,0.549668807996368,-0.337078739968035,0.60302899555164,-0.0843675366253365,-0.137060048641634,0.862438169598331,3.00179117904665,5.08022303097375,3.72167449427411,3.77915282094817,3.53014624020506,5.40293142899659,3.756718320314,3.78354168370523,3.95939357037537,5.25964420393632,3.51063473229337,4.59147747826464,3.80732546413153,3.76297481349961,4.81091175009644,4.20123102612808,4.33776947517844,3.91051526133315,3.77742683358454,3.85437742494807,2.13856504269133,3.0139458800366,1.3977952863416,2.89627088869976,1.59458754330692,2.84886745801405,2.07324352889207,1.84053837638947,2.05508062656164,2.71615061786331,2.38218437129753,1.3867663154804,2.30024147828844,2.04468467955522,2.78726407300243,2.09724979729836,1.14652638809106,2.48264082198791,1.91705711986812,2.98801867037813
-0.281271718961682,-0.312283438634332,-0.43198662118719,0.320177334211202,-0.133883776255911,0.273039913536287,0.298306361459636,0.405828397551466,0.208768799504282,0.793005293127586,0.30226855082771,0.0726901300907759,-0.54523871154291,-0.160543159895332,0.607070144718412,-0.918970929217377,-0.68997603780584,-0.331212545536087,-0.8756288636239,-2.00476593420845,-2.14537635294559,-2.5453347309886,-1.1340167684788,-0.615252334034521,-2.7332484847093,-1.17783566521613,-1.58677865179801,-1.48521066163916,-1.49880133145765,-1.37489181273057,-0.139216983773621,-1.62628093008105,-0.809447288847235,-1.00745813458819,-1.66397529627243,-1.50186170010936,-0.725001669214773,0.339290781021718,-2.42412124596784,-0.891797624263515,-1.01622455728918,-1.50425106573556,-1.12629623075638,-0.711292069207114,-1.51187767765049,-0.415253246911378,0.12938669422503,-1.01368420870658,-1.00174174282155,-1.68889085388264,-1.69586191947654,-0.00966446871081639,-0.419399790781064,-1.49782007184449,-1.03027530283257,0.354536416519759,0.327238878758578,-1.44435105690609,-0.461780047960048,-0.57841944874468
-0.793968495320205,-1.68691758150047,-1.96181747195913,-0.720947617060113,-2.12052621526076,-1.25194122439076,-2.40167718727086,-1.31642985845836,-1.72925408673485,-1.36490626266946,-0.705733879853119,-0.821237727558215,-1.92308445774625,-2.7633697566235,-0.644514980871287,-0.724408571756253,-0.621638805115435,-1.92582242025309,-2.42565271164219,-1.52924167500335,2.5211068910551,2.81040689829051,2.43973235124535,3.41799681629527,2.79017785984544,3.98679196604095,2.2156715651769,2.01536047707811,3.21281584153265,2.0810751830039,1.87707473088518,2.26244087212799,2.27973465796412,2.25971752448581,3.07765291530099,2.5709435725805,2.39084153902867,3.01477732944605,2.86509043234518,3.28474012822726,0.0576516514478023,-0.0680455802249174,1.08831700573393,0.181799763907855,1.17866785942359,-0.250796711414623,1.26386785700346,1.11698542573462,1.13384950397465,-0.327074340349106,1.18478917040298,1.58843855171737,1.54400850404646,0.978215990105594,0.951102670665742,-0.0435219720956824,-0.840720083007854,1.45926987269907,-0.22093274618504,-0.51225845134402
3.27477378150892,3.98955842872748,3.53094847731169,3.28681946853875,2.50006509312761,4.206635105798,4.02327377691968,5.13346846684738,2.75131121230674,2.88430944039405,3.5709420087437,3.80574221732889,3.52056695818335,3.31830762916204,4.59769637623088,4.57217770476471,4.06517407314349,3.09019340234102,3.13915098144446,3.82283282815732,3.42751474242954,4.76951491857189,3.52164259291697,5.01151363683535,4.15511984158871,2.41072456884591,4.42902540189441,3.1890437355819,3.77811350489525,3.28343967673775,3.40036559515145,3.60692742877335,3.94229791572284,3.03231680178925,3.93717622175526,3.40435697130714,3.74598766658744,4.45098530745354,3.551559734756,5.15875923166538,3.84490272857877,3.64205434295817,4.81518561600338,3.60959069066546,2.63946820309219,2.17133850101106,3.02556277441374,2.10844914859525,3.69011995179993,4.39922418687709,2.94723232040775,3.05636603507187,4.6342829743075,1.9674086775437,3.55573926538,4.49576681438608,4.15474170670846,3.25820165825404,4.58374159965504,4.12187951851171
-1.24768105806406,-0.979303101592827,-2.06758917006412,-1.37349339052316,-2.03852065513294,0.0808821401077748,-1.16523741981352,-2.55972308520162,-2.53076620473694,-0.953892836189624,-1.38944265114237,-1.81651781510707,-1.45022280656748,-1.17455698717849,-1.83166892496801,-2.07400780431348,-0.728142255942355,-1.54134733577854,-2.31035560525838,-2.22986868269277,-1.19336221786468,-2.6246966794717,-2.23786872191144,-2.96316513192819,-0.902997895543656,-2.07602318617446,-2.42152422027132,-2.6001793161174,-4.09027322880266,-1.1301177399752,-0.799817473656621,-2.93501048845388,-0.579480957098253,-2.43704348956633,-0.921324046238596,-2.65262623508586,-0.826545912104493,-1.83212062584846,-3.00326809909022,-2.30709671680451,-1.67370920838974,-1.91734079393503,-1.98575396489742,-2.43735894311527,-2.29793869766473,-1.48596179822083,-1.88953280488174,-3.62074976046449,-1.9564784647095,-1.84834221004717,-1.70899337875092,-1.53263739686523,-2.39897640544646,-2.23774434471488,-2.41737672625126,-1.6950161638909,-1.34284944287671,-1.5162069155384,-0.69961884870428,-2.69217012095389
-0.549814731927939,-1.1998084262897,-1.25295843453201,-1.51889333809282,-2.17201018039412,-2.39704024928314,-1.33510141792128,0.116656441072596,-1.1594910945492,-3.55856668759728,-1.05018765970689,-0.93397877343099,-0.389883234739531,-2.22465419930276,-0.839387123281294,-2.11928906050021,-2.30044876850924,-1.33277296639544,-2.08016206959531,-2.18309457167651,1.36670619690933,1.78116360804987,1.99229987966496,2.29365171889969,0.0769282204093165,0.94079064285541,2.22601501051802,0.995817402536022,1.80376704363632,1.40670955904221,1.3348568260793,1.38638523490151,1.26014179633017,2.14263942133258,1.26884104100312,1.58563380480671,1.29311559846168,0.395858704770862,2.53332590384161,0.841495238910085,0.606237695638294,1.06862204552175,0.161992899098482,-1.1436133468519,0.797371241013368,0.3705307187984,0.0337075175603094,-0.420275102656838,-0.00230932967274855,-0.110674202502058,-0.258392502611191,0.09198123318286,-1.17459186138725,0.342190778979098,-0.00768766297186907,0.44793947780241,-0.514794649680955,-1.91477703254333,0.252918307684562,-0.120394900250044
0.261144509520808,0.159138137364965,0.577488492266332,0.10755181487098,1.9097117447003,0.155478764567178,-0.366393256273829,0.187997537393969,-0.120472692539723,0.146888591191548,0.735668446502471,-1.54723192684367,0.305291308810333,0.594444267752599,-0.535932127332149,-0.119686684717821,-1.1767743458705,0.378681441198493,-0.525681473375817,1.51193713300714,-1.23742376694372,-1.64318196124544,-1.80583662475241,-1.42858717717858,-1.88494663346151,-2.13133834595219,-2.01956414842944,-1.00114996356161,-1.76383360703428,-2.70075864546668,-1.45219005005466,-1.98022998279956,-1.92202443047359,-1.22357146480544,0.748670967851257,-1.08169919197022,-1.69192320758857,-2.17611048971256,-0.460105033556108,-2.64398778173181,-0.924551434187546,0.180663091858109,-1.19164571330683,-0.463965184936107,-1.4207541191423,-0.55967843487325,-0.295534867394798,-0.412186756923255,-0.995507177577145,-1.36984861335257,0.395063976823329,-0.139354648424089,-0.77606299084579,0.286952860334024,0.408983082044208,0.434984922537647,-0.449770495890627,-0.460744807091561,-0.557757165892295,-1.13101311589654
-1.34363259058109,-2.90724948362317,-1.78543369885773,-1.95679825146693,-1.80809347840254,-1.16757723191668,-1.93580073532409,-1.07037918768685,-1.48862401328483,-2.27712955062271,-1.83561149465933,-0.54569819913816,-1.21685731074654,-2.47090090401662,-1.259022040801,-1.90525280083115,-1.49402050967779,-2.21682169062057,-1.10338848627096,-0.61256168902758,-2.75894032512041,-1.22511639932103,-1.35482524133157,-2.038869344579,-1.94193968379859,-2.19635164598212,-1.95077475183478,-2.29062961989745,-3.16365240359286,-0.928964803284104,-0.529026862897886,-1.28426487065629,-2.78417284620367,-3.3960331535876,-1.43636902127393,-2.75359165244529,-2.84068237683174,-1.19428448447941,-3.0551246521075,-1.21313676658048,-0.477146520279759,-1.52980740120004,-1.29543637714142,-2.06005367690415,-1.39545031647111,-2.7475190541504,-1.03820367089659,-2.81867434026412,-2.21453613978468,0.572199375757299,-1.69210234448164,-1.92871899816444,-2.30575641089006,-2.20234551687558,-1.11448575161313,-2.68566699646785,0.147692633208494,-2.679537226934,-2.08184136943955,-1.49896176872021
-0.330852016561861,-0.367761867760035,-1.48053553329721,-1.28485497936311,-1.22085419645238,-1.68247366378327,0.1013262024785,-1.09757192229814,-1.33289764403171,-0.0424303857747477,-0.59709977783294,-1.43965266173903,-3.25652985054793,-0.793987900236631,-0.2024175990993,-1.7174455414315,-1.03698106090325,-0.516809190186599,-0.930894359924233,0.178191861071913,-3.09742286677358,-2.6768602873706,-1.50743940036219,-1.46494425774245,-3.10625139900047,-2.409100791676,-1.76082973072268,-0.442793911280916,-1.50545714984027,-1.95181845093338,-2.03450255189675,-1.86118999443179,-1.31154950795455,-2.15975358373344,-0.561304002081922,-1.2610355755385,-1.41958244471832,-1.87976350630861,-1.74423423442539,-0.857287002708182,-0.457338994864316,-1.21771807966994,-1.28739507663111,-1.45454039121631,-2.01552606857112,-1.82050697830648,-0.518202656840582,-2.37675627465374,-1.08105965478711,-1.48298350122023,-0.890047020321478,-1.83634564412671,-1.27742466872437,-1.28354462985224,-1.2836240950192,0.162717168804694,-0.318414217737015,-1.69237745533286,-1.51268361488644,-1.70699940548431
2.59077124047491,1.38769734820257,1.47055807637636,2.24263506791181,1.97221947766634,0.78344994821228,1.10076332405057,1.34174559868649,3.14201371474671,1.75173325559392,1.89791992543089,2.27751524379636,2.66922779146707,1.32802347241619,2.1976650179669,2.02213806150247,1.59905625496362,1.07882521082573,2.67026846563978,1.94081652193544,1.91820492102318,0.590053959567588,1.81546966238884,1.15796055019816,1.514134979448,1.68897637629117,1.02897665063154,1.2539776911267,0.685075694417996,0.663957984557502,0.427044639348849,0.720123662941177,1.18917057620034,1.93666788684281,1.64907917490683,0.703779204797067,2.15918248765074,0.245625021802436,0.154767279650783,0.670092187031628,3.43608160348033,1.33991702655701,2.22405704194086,0.872144025069141,1.06345597640406,0.7398563510904,2.23924577796086,1.03243231334395,0.889773287886423,0.0393010892210872,0.908445176692317,1.26342465964009,1.59820739446773,0.317196269625278,0.649339113715111,1.26705196924643,0.9674974881609,0.859156584054619,0.664879362397674,1.06117199992737
-1.20280748113225,-0.886306974071507,-0.344877574910765,-1.85635809271006,-2.76364739625029,-1.33415118095743,-1.48287030163866,-1.00567432795837,-1.86488108555655,-1.13510648936118,-0.990506628076858,-0.489751659309646,-1.87430492643418,-1.07809650220386,-2.51709501579549,-1.99255376857666,-1.18029223585351,-1.37504193209236,-1.99491012953283,-1.02767408311545,-1.49910600670979,-2.51082444527113,-0.916848374730184,-1.73040946225235,-0.991732060359864,-1.79048425878793,-2.37737879435371,-0.516940881562348,-1.97543332169892,-1.24245379553053,-1.37298925366584,-2.54933818933784,-1.48862158185785,-3.37462622340382,-2.40346437905606,-2.75653933975807,-1.8660446554075,-2.13295189304163,-1.88297817870458,-1.3875196058809,-1.78577885049429,-1.85428753572071,-1.27587806053857,-1.5025170165646,-2.0962052178138,-0.91617428691772,-2.37545202083592,-1.49560110064575,-2.84790305972947,-1.15274180118469,-0.304910774739179,-0.338066233277686,-0.740847147155174,-2.63683660486256,-0.945577868807748,-0.214417413097194,-2.22956819988544,-1.49299439221639,-0.459947799375816,-1.7019667764984
-1.44713559593561,-0.981395042754773,0.228572025308733,-1.90800141872347,-1.63503422905436,-0.266114492020205,-1.04598789880675,0.539041927870159,-0.589697717094871,-0.371557748191699,-2.48655112081611,-1.4612584122756,-0.0625493121039662,-0.163865540594712,-1.40018681347713,-0.963791600867467,0.319206580829561,-0.127508544953552,-1.42229624087463,-0.731905986975606,-1.7058037139927,-0.617656922001292,-0.917583560940544,-0.24007672623215,-2.08858190105512,-2.06146180266344,-0.730291257829538,-1.73696178591986,-1.50237480868301,-0.969167685283073,-1.85784098976016,-1.07881915925742,-3.65696676043288,-1.22873664806312,-1.15587390088988,-0.983937718528658,-1.49813862438641,-2.66221421923157,-0.927866449848145,-0.149693760807072,-1.39422444456725,-0.822732056302951,-1.26927487431306,-0.842915589772093,-1.02894606498642,-0.409733417540711,-1.52189967294035,-1.63017871326508,-0.201094730447669,-1.45425516852816,-1.47601275752989,-2.30221844009938,-0.473571748168843,-0.238874085188108,-1.0456236989579,-1.06523827227802,-0.161572749540028,-1.70432168216206,-2.37335993145544,-2.09154308532051
